Seq_Id,start,gc,dnabert2_prob0,dnabert2_prob1,dnabert2_pred,grover_prob0,grover_prob1,grover_pred,caduceus_prob0,caduceus_prob1,caduceus_pred,reference_label
1,0,61.68,0.9129030704498292,0.0911695435643196,0,0.970041573047638,0.0620629042387008,0,0.4073606431484222,0.5926393270492554,0,0
2,500,61.82,0.9123402237892152,0.0918873697519302,0,0.9612913727760316,0.0723150372505188,0,0.3865977525711059,0.613402247428894,0,0
3,1000,61.78,0.9113923907279968,0.0930821150541305,0,0.9568501710891724,0.0786817073822021,0,0.3946268856525421,0.6053730845451355,0,0
4,1500,61.88,0.91233891248703,0.0918861329555511,0,0.9648879170417786,0.0616103857755661,0,0.4119811654090881,0.5880188345909119,0,0
5,2000,62.3,0.910682499408722,0.0939846634864807,0,0.9685143828392028,0.0585969574749469,0,0.4255065619945526,0.574493408203125,0,0
6,2500,62.52,0.900418758392334,0.1067024767398834,0,0.9608306884765624,0.0692853033542633,0,0.4334171116352081,0.5665829181671143,0,0
7,3000,63.35,0.9092812538146972,0.0957659259438514,0,0.9740387797355652,0.0516772381961345,0,0.4533942639827728,0.5466057658195496,0,0
8,3500,65.22,0.90823632478714,0.0970550552010536,0,0.98055237531662,0.0424893870949745,0,0.4745760858058929,0.5254238843917847,0,0
9,4000,66.12,0.9105310440063475,0.094193585216999,0,0.978154718875885,0.0470347143709659,0,0.4820127189159393,0.5179872512817383,0,0
10,4500,65.48,0.9109894633293152,0.0935887694358825,0,0.9767544865608216,0.0487961992621421,0,0.5049754977226257,0.4950245022773742,1,0
11,5000,65.92,0.910667598247528,0.0939831957221031,0,0.9638872146606444,0.0629809498786926,0,0.5138295888900757,0.4861703813076019,1,0
12,5500,65.62,0.9103854298591614,0.0943410843610763,0,0.8946324586868286,0.138527363538742,0,0.53159499168396,0.4684050381183624,1,0
13,6000,66.0,0.910931408405304,0.0936334431171417,0,0.9626798033714294,0.0654191300272941,0,0.5576810836791992,0.4423188865184784,1,0
14,6500,64.45,0.9062920212745668,0.0994555875658989,0,0.9357783198356628,0.0892534777522087,0,0.5631837844848633,0.4368162453174591,1,0
15,7000,63.92,0.911291003227234,0.0931721404194831,0,0.9684038758277892,0.0539484024047851,0,0.49103644490242,0.5089635252952576,0,0
16,7500,63.45,0.9069685339927672,0.0986354202032089,0,0.9682770371437072,0.0560236573219299,0,0.5543253421783447,0.4456746578216553,1,0
17,8000,62.9,0.8635786771774292,0.1494088321924209,0,0.8658555746078491,0.1566467434167862,0,0.5340403914451599,0.4659596681594848,1,0
18,8500,62.65,0.797744870185852,0.2243423610925674,0,0.9647375345230104,0.0584817864000797,0,0.5106586813926697,0.4893412888050079,1,0
19,9000,61.58,0.8146148324012756,0.2039393931627273,0,0.7990505695343018,0.2488181143999099,0,0.5204259753227234,0.4795739948749542,1,0
20,9500,60.88,0.2532034516334533,0.719322919845581,1,0.6375423073768616,0.3802105486392975,0,0.4830607175827026,0.5169393420219421,0,0
21,10000,59.5,0.8162910342216492,0.2027544379234314,0,0.9088976383209229,0.1323249489068985,0,0.4560205340385437,0.5439794659614563,0,0
22,10500,61.1,0.7749175429344177,0.2495351731777191,0,0.8774096369743347,0.1425826698541641,0,0.4370777010917663,0.5629222989082336,0,0
23,11000,61.6,0.8958444595336914,0.112207755446434,0,0.0169060043990612,0.9638096690177916,1,0.4999707639217376,0.5000292658805847,0,0
24,11500,62.28,0.8840605020523071,0.1260191351175308,0,0.0468983091413974,0.9209511876106262,1,0.456018716096878,0.5439812541007996,0,0
25,12000,62.55,0.8983680605888367,0.1091889590024948,0,0.0238761119544506,0.9552603363990784,1,0.4337304830551147,0.5662695169448853,0,0
26,12500,63.25,0.9030885696411132,0.1034549176692962,0,0.9592176675796508,0.0726761892437934,0,0.4213716089725494,0.5786283612251282,0,0
27,13000,63.65,0.2543554902076721,0.7182062864303589,1,0.9753310680389404,0.0496829487383365,0,0.4131970703601837,0.5868028998374939,0,0
28,13500,65.05,0.6741828322410583,0.3489998579025268,0,0.9742053151130676,0.051444299519062,0,0.4046033322811126,0.5953966975212097,0,0
29,14000,67.15,0.6781304478645325,0.3439451456069946,0,0.9696770310401917,0.0545853935182094,0,0.4088437557220459,0.5911562442779541,0,0
30,14500,66.75,0.4841578006744385,0.4953793883323669,1,0.9700613021850586,0.0549856089055538,0,0.4023205935955047,0.5976794362068176,0,0
31,15000,66.7,0.8788508176803589,0.1321970075368881,0,0.9581409096717834,0.0699284449219703,0,0.3989579081535339,0.6010420322418213,0,0
32,15500,66.2,0.9062865376472472,0.0994772166013717,0,0.9620026350021362,0.0687447264790535,0,0.3734856843948364,0.6265143156051636,0,0
33,16000,66.1,0.9010438323020936,0.1059452667832374,0,0.9661095142364502,0.0649595186114311,0,0.4177614748477936,0.5822385549545288,0,0
34,16500,66.03,0.9082643389701844,0.0970185026526451,0,0.9687008261680604,0.0593300685286521,0,0.3954627215862274,0.604537308216095,0,0
35,17000,66.53,0.777756929397583,0.2455449253320694,0,0.9772737622261048,0.0461492836475372,0,0.4187451303005218,0.5812548995018005,0,0
36,17500,66.67,0.6990990042686462,0.3239976465702057,0,0.9654837250709534,0.061734352260828,0,0.4010811746120453,0.5989188551902771,0,0
37,18000,65.67,0.8908693194389343,0.1182328835129737,0,0.9524761438369752,0.0748100206255912,0,0.4366461336612701,0.5633538961410522,0,0
38,18500,66.12,0.7807218432426453,0.2406435459852218,0,0.9539368748664856,0.0748103782534599,0,0.4448354244232178,0.5551645755767822,0,0
39,19000,66.53,0.8690642714500427,0.1430327892303466,0,0.9467088580131532,0.0833065807819366,0,0.4607608914375305,0.5392391085624695,0,0
40,19500,66.47,0.9029362201690674,0.1035728603601455,0,0.9356725215911864,0.0939440205693245,0,0.441291481256485,0.5587084889411926,0,0
41,20000,65.5,0.909674108028412,0.0951825007796287,0,0.9715166091918944,0.0599018968641757,0,0.4257470667362213,0.5742529630661011,0,0
42,20500,66.12,0.9097864031791688,0.0950880050659179,0,0.970317006111145,0.0625628232955932,0,0.4125698804855346,0.5874301195144653,0,0
43,21000,66.25,0.9003134965896606,0.1068310812115669,0,0.9771360158920288,0.0546120889484882,0,0.4527319073677063,0.5472680926322937,0,0
44,21500,66.2,0.7386736273765564,0.2785279452800751,0,0.9693445563316344,0.0623582825064659,0,0.4519418478012085,0.5480581521987915,0,0
45,22000,66.5,0.2907405197620392,0.6784024238586426,1,0.9665277004241944,0.0633565187454223,0,0.458269327878952,0.5417306423187256,0,0
46,22500,66.75,0.0795777663588523,0.9155386090278624,1,0.9675506353378296,0.0631384700536727,0,0.5256858468055725,0.4743141233921051,1,0
47,23000,66.42,0.2209993451833725,0.7530631422996521,1,0.9558265209197998,0.076899379491806,0,0.5692673325538635,0.4307327270507812,1,0
48,23500,66.83,0.6511282920837402,0.3711661100387573,0,0.9459874629974364,0.0854903012514114,0,0.552950382232666,0.4470495879650116,1,0
49,24000,68.08,0.5716562867164612,0.432581752538681,0,0.9443923234939576,0.0884159579873085,0,0.5590053796768188,0.4409946501255035,1,0
50,24500,67.67,0.2913150787353515,0.6803905367851257,1,0.9519270658493042,0.0764961615204811,0,0.5472155809402466,0.452784389257431,1,0
51,25000,67.73,0.166965514421463,0.8125358819961548,1,0.2974129915237427,0.6348024606704712,1,0.5409001111984253,0.4590999186038971,1,0
52,25500,67.67,0.2616943717002868,0.711852490901947,1,0.9062311053276062,0.1333985775709152,0,0.4923489093780517,0.5076510906219482,0,0
53,26000,67.75,0.6243906021118164,0.3936232030391693,0,0.9573795795440674,0.0697195455431938,0,0.4861426949501037,0.5138573050498962,0,0
54,26500,66.7,0.6938057541847229,0.3308531045913696,0,0.9699655175209044,0.0583465471863746,0,0.472432017326355,0.527567982673645,0,0
55,27000,65.77,0.8971101641654968,0.1107096895575523,0,0.9778997898101808,0.0449378229677677,0,0.4566612541675567,0.5433387756347656,0,0
56,27500,65.05,0.874950110912323,0.1368069499731063,0,0.9761524200439452,0.0477370023727417,0,0.4450721740722656,0.5549277663230896,0,0
57,28000,63.78,0.8726842999458313,0.1387181580066681,0,0.1694463789463043,0.8084717392921448,1,0.4486176073551178,0.5513823628425598,0,0
58,28500,62.98,0.8737370371818542,0.1385987997055053,0,0.9721496105194092,0.0512835867702961,0,0.4335983693599701,0.5664016008377075,0,0
59,29000,62.35,0.8679974675178528,0.1449820548295974,0,0.9598438143730164,0.0732101649045944,0,0.4111048579216003,0.5888952016830444,0,0
60,29500,61.4,0.7681913375854492,0.2538804411888122,0,0.945098876953125,0.0880468934774398,0,0.436522513628006,0.5634775161743164,0,0
61,30000,61.12,0.6699362993240356,0.3531126976013183,0,0.9296072125434875,0.1030781492590904,0,0.4390095770359039,0.5609904527664185,0,0
62,30500,61.38,0.6858094930648804,0.3367766141891479,0,0.9439244270324708,0.0936411917209625,0,0.383593738079071,0.616406261920929,0,0
63,31000,61.5,0.5631586313247681,0.4403654634952545,0,0.9444436430931092,0.0882819220423698,0,0.4536332786083221,0.5463667511940002,0,0
64,31500,62.42,0.6468825936317444,0.3747970759868622,0,0.943941056728363,0.0897206813097,0,0.4567679464817047,0.5432320833206177,0,0
65,32000,63.15,0.3695346415042877,0.5984205603599548,1,0.9638065695762634,0.065462902188301,0,0.4501206874847412,0.5498793125152588,0,0
66,32500,63.35,0.7279878854751587,0.2968452870845794,0,0.9604604840278624,0.0669056475162506,0,0.4690178632736206,0.5309820771217346,0,0
67,33000,61.05,0.7335441708564758,0.2910346984863281,0,0.9396455883979796,0.0907182246446609,0,0.4448497295379638,0.5551502704620361,0,0
68,33500,59.42,0.7469504475593567,0.2766455113887787,0,0.9372550249099731,0.0934877023100853,0,0.4299380481243133,0.570061981678009,0,0
69,34000,57.83,0.900934100151062,0.106000892817974,0,0.7290123701095581,0.319872111082077,0,0.4329341351985931,0.5670658349990845,0,0
70,34500,58.73,0.904845118522644,0.1012399718165397,0,0.9452441334724426,0.0912171229720115,0,0.4210140109062195,0.5789859890937805,0,0
71,35000,59.45,0.9022929668426514,0.1044081971049308,0,0.9733763337135316,0.0526315160095691,0,0.4436638653278351,0.5563361644744873,0,0
72,35500,59.4,0.905785858631134,0.1000349372625351,0,0.11061642318964,0.8315572142601013,1,0.4495590031147003,0.5504410266876221,0,0
73,36000,59.1,0.9107974171638488,0.0938359349966049,0,0.968874990940094,0.0581966005265712,0,0.4312255978584289,0.568774402141571,0,0
74,36500,60.0,0.8128761053085327,0.2075166702270507,0,0.9660302996635436,0.0641680508852005,0,0.4530474245548248,0.5469526052474976,0,0
75,37000,63.08,0.7390311360359192,0.2854690849781036,0,0.9563580751419068,0.0707210823893547,0,0.4803734719753265,0.5196264982223511,0,0
76,37500,65.7,0.9057427644729614,0.1001523435115814,0,0.957854688167572,0.0682570412755012,0,0.499837726354599,0.5001623034477234,0,0
77,38000,67.58,0.9092199802398682,0.0957923159003257,0,0.9748943448066713,0.0487856902182102,0,0.5149727463722229,0.4850272834300995,1,0
78,38500,66.97,0.9103538990020752,0.0944095849990844,0,0.9666638374328612,0.0606723390519619,0,0.5225337743759155,0.4774662256240845,1,0
79,39000,66.92,0.9104217886924744,0.0943341255187988,0,0.967326819896698,0.0568604655563831,0,0.5133746862411499,0.4866252839565277,1,0
80,39500,66.65,0.905575156211853,0.1003757268190383,0,0.9705647826194764,0.0494579635560512,0,0.4992806911468506,0.5007192492485046,0,0
81,40000,67.6,0.9022455215454102,0.1044769883155822,0,0.1203925237059593,0.8148309588432312,1,0.5102507472038269,0.4897492229938507,1,0
82,40500,66.88,0.8969371914863586,0.1109527349472045,0,0.9652642607688904,0.0598714277148246,0,0.5060328245162964,0.493967205286026,1,0
83,41000,66.85,0.8970392942428589,0.1108215376734733,0,0.958962380886078,0.0744870230555534,0,0.4781800508499145,0.5218200087547302,0,0
84,41500,66.57,0.7610006332397461,0.2619147896766662,0,0.962809443473816,0.0685740336775779,0,0.4534255862236023,0.5465744137763977,0,0
85,42000,66.57,0.9086893200874328,0.0964585170149803,0,0.9657047986984252,0.0702640935778617,0,0.4480741322040558,0.5519258379936218,0,0
86,42500,66.4,0.902660071849823,0.1039563789963722,0,0.9617871046066284,0.0726144835352897,0,0.4281053841114044,0.571894645690918,0,0
87,43000,65.83,0.9048787355422974,0.1012097969651222,0,0.9494408369064332,0.0784765556454658,0,0.4013172686100006,0.598682701587677,0,0
88,43500,65.72,0.9056288003921508,0.1003062054514885,0,0.9657410979270936,0.0583549551665782,0,0.36360964179039,0.6363903284072876,0,0
89,44000,65.72,0.8856021761894226,0.1243146434426307,0,0.9616162180900574,0.0601888373494148,0,0.3582684397697449,0.6417315006256104,0,0
90,44500,65.5,0.8998479843139648,0.1073500737547874,0,0.9741508960723876,0.0441134087741375,0,0.3731650710105896,0.6268348693847656,0,0
91,45000,65.67,0.8988286852836609,0.1086106821894645,0,0.9739809632301332,0.0457833558320999,0,0.3822163641452789,0.6177836060523987,0,0
92,45500,66.4,0.8954715132713318,0.112766109406948,0,0.9695078134536744,0.0559180527925491,0,0.3873292803764343,0.6126707196235657,0,0
93,46000,66.3,0.7005729079246521,0.3225096464157104,0,0.965945303440094,0.0641925483942031,0,0.3838182687759399,0.6161817312240601,0,0
94,46500,66.62,0.6512008905410767,0.3711360692977905,0,0.963394820690155,0.0696925297379493,0,0.4105063080787658,0.5894936919212341,0,0
95,47000,66.8,0.2288209199905395,0.7457723617553711,1,0.9591884016990662,0.0692685022950172,0,0.401594340801239,0.598405659198761,0,0
96,47500,67.27,0.6142244935035706,0.4014526307582855,0,0.9673795700073242,0.0578377954661846,0,0.3739990293979645,0.6260009407997131,0,0
97,48000,66.67,0.7162643671035767,0.309025377035141,0,0.9746964573860168,0.0474643670022487,0,0.375029981136322,0.6249700784683228,0,0
98,48500,67.6,0.7071411609649658,0.3178494274616241,0,0.929463505744934,0.1090308651328086,0,0.367765873670578,0.6322341561317444,0,0
99,49000,67.0,0.9050147533416748,0.1010327264666557,0,0.9651897549629213,0.0626563727855682,0,0.3624265193939209,0.6375734806060791,0,0
100,49500,66.42,0.9087023735046388,0.0964390859007835,0,0.9608079791069032,0.0661483407020568,0,0.3344292044639587,0.6655707955360413,0,0
101,50000,66.6,0.9093284606933594,0.0956814810633659,0,0.968265950679779,0.0572995245456695,0,0.3394906520843506,0.6605093479156494,0,0
102,50500,66.17,0.9111685752868652,0.0933961495757103,0,0.9607234597206116,0.0696788132190704,0,0.3268201351165771,0.6731798648834229,0,0
103,51000,66.25,0.781987190246582,0.2414903789758682,0,0.9535494446754456,0.0854988768696785,0,0.3304211795330047,0.6695787906646729,0,0
104,51500,66.3,0.9036206007003784,0.1027880534529686,0,0.942686915397644,0.0960492044687271,0,0.367872416973114,0.632127583026886,0,0
105,52000,66.67,0.8910526037216187,0.1178852021694183,0,0.9576243162155152,0.0770016983151435,0,0.3493199050426483,0.6506800651550293,0,0
106,52500,66.8,0.8497207164764404,0.1661927551031112,0,0.965901792049408,0.0662144050002098,0,0.3396666049957275,0.6603333950042725,0,0
107,53000,66.92,0.8953775763511658,0.1127958074212074,0,0.963054895401001,0.0683999508619308,0,0.3671626448631286,0.6328372955322266,0,0
108,53500,67.22,0.7169591188430786,0.3076024055480957,0,0.9551655650138856,0.0812098383903503,0,0.383817195892334,0.616182804107666,0,0
109,54000,67.38,0.4470244944095611,0.5317896008491516,1,0.9607908129692078,0.0717221871018409,0,0.3518914580345154,0.6481086015701294,0,0
110,54500,68.05,0.0995649769902229,0.891423225402832,1,0.9578778147697448,0.0733288675546646,0,0.3550478518009186,0.644952118396759,0,0
111,55000,68.42,0.2873120009899139,0.6838709712028503,1,0.9387966394424438,0.0958586633205413,0,0.3408326506614685,0.6591672897338867,0,0
112,55500,68.6,0.730116605758667,0.2941428124904632,0,0.9219398498535156,0.1042158156633377,0,0.3374900221824646,0.6625099182128906,0,0
113,56000,67.65,0.6060302257537842,0.4063960909843445,0,0.9247011542320251,0.1061468496918678,0,0.3449968099594116,0.6550032496452332,0,0
114,56500,66.97,0.3701331913471222,0.5969462990760803,1,0.9245724678039552,0.1026026830077171,0,0.3402196168899536,0.6597803831100464,0,0
115,57000,66.9,0.5302719473838806,0.4605218470096588,0,0.9544499516487122,0.079705499112606,0,0.3428045213222503,0.657195508480072,0,0
116,57500,66.42,0.2548365890979767,0.7178618907928467,1,0.9674094915390016,0.060764729976654,0,0.3693096041679382,0.6306903958320618,0,0
117,58000,66.67,0.0998468622565269,0.8910903930664062,1,0.9669046998023988,0.0621172972023487,0,0.3888829052448272,0.6111170649528503,0,0
118,58500,66.9,0.2768013477325439,0.6959519386291504,1,0.9472290873527528,0.0826332047581672,0,0.3897354900836944,0.6102644801139832,0,0
119,59000,67.38,0.5545071959495544,0.4484408795833587,0,0.9421947598457336,0.0937300473451614,0,0.4080258309841156,0.5919741988182068,0,0
120,59500,67.22,0.8434441685676575,0.1717675477266311,0,0.9273920655250548,0.1114037632942199,0,0.4846309125423431,0.5153690576553345,0,0
121,60000,67.85,0.7638013958930969,0.2607319951057434,0,0.9180722832679749,0.1220587864518165,0,0.5698715448379517,0.4301284551620483,1,0
122,60500,68.65,0.5217605233192444,0.4682254791259765,0,0.940783679485321,0.0972781628370285,0,0.4342623353004455,0.5657376646995544,0,0
123,61000,68.83,0.6366105079650879,0.3840880393981933,0,0.9373388290405272,0.1053537353873252,0,0.4265492260456085,0.5734508037567139,0,0
124,61500,69.47,0.5702497959136963,0.434669017791748,0,0.9685901999473572,0.0585375912487506,0,0.4084741771221161,0.5915257930755615,0,0
125,62000,69.25,0.706283688545227,0.3182740807533264,0,0.9484909772872924,0.0876687914133071,0,0.413681149482727,0.586318850517273,0,0
126,62500,68.47,0.9011634588241576,0.1057418435811996,0,0.9723382592201232,0.0578709505498409,0,0.4188660383224487,0.5811339616775513,0,0
127,63000,68.05,0.905616044998169,0.1002954542636871,0,0.974349319934845,0.0509947799146175,0,0.4104593992233276,0.5895406603813171,0,0
128,63500,68.17,0.9101001620292664,0.0947181284427642,0,0.9692202210426332,0.0577034354209899,0,0.3950428962707519,0.604957103729248,0,0
129,64000,68.45,0.9114581942558287,0.0929775089025497,0,0.9737628698349,0.0531667061150074,0,0.3976540565490722,0.6023459434509277,0,0
130,64500,68.8,0.9112181663513184,0.0933022126555442,0,0.9759767651557922,0.0478263869881629,0,0.3759249746799469,0.6240749955177307,0,0
131,65000,69.3,0.9097189903259276,0.0952124968171119,0,0.9718608260154724,0.0549041368067264,0,0.3646465241909027,0.6353535056114197,0,0
132,65500,69.08,0.909240186214447,0.0958048328757286,0,0.9713215827941896,0.0566773153841495,0,0.3804839849472046,0.6195159554481506,0,0
133,66000,68.53,0.905124008655548,0.1009303629398346,0,0.9662788510322572,0.0624053888022899,0,0.3820478916168213,0.6179520487785339,0,0
134,66500,68.8,0.8720517158508301,0.1403910219669342,0,0.9692062735557556,0.0628850013017654,0,0.3703233003616333,0.6296766400337219,0,0
135,67000,68.6,0.6914253234863281,0.3329951763153076,0,0.9628639221191406,0.071969598531723,0,0.4030363261699676,0.5969637036323547,0,0
136,67500,68.62,0.6994646191596985,0.3248305916786194,0,0.9628995060920716,0.0681590139865875,0,0.4108985960483551,0.5891014337539673,0,0
137,68000,68.15,0.7529425024986267,0.2708313167095184,0,0.957288920879364,0.077623464167118,0,0.4078930020332336,0.5921069979667664,0,0
138,68500,67.17,0.8911375999450684,0.1178376302123069,0,0.965901255607605,0.0631317198276519,0,0.432707130908966,0.5672928094863892,0,0
139,69000,66.45,0.8916369676589966,0.1171434372663497,0,0.9635995030403136,0.0749651044607162,0,0.4794974625110626,0.5205025672912598,0,0
140,69500,66.12,0.9052886962890624,0.1007039472460746,0,0.9670329689979552,0.0624765679240226,0,0.4492012560367584,0.5507987141609192,0,0
141,70000,66.17,0.8977532386779785,0.1099234893918037,0,0.971734881401062,0.0551242716610431,0,0.4340376853942871,0.5659622550010681,0,0
142,70500,65.83,0.901433527469635,0.1054586321115493,0,0.9687334895133972,0.0563372485339641,0,0.4717333018779754,0.5282667279243469,0,0
143,71000,65.48,0.909598469734192,0.0953508242964744,0,0.9671274423599244,0.0590482391417026,0,0.4321259260177612,0.5678741335868835,0,0
144,71500,64.72,0.9084540009498596,0.0967990756034851,0,0.9667919278144836,0.0644928663969039,0,0.4273307919502258,0.5726691484451294,0,0
145,72000,64.88,0.7989639043807983,0.2229752540588379,0,0.9684396982192992,0.0597148202359676,0,0.4158127605915069,0.5841872096061707,0,0
146,72500,64.62,0.8716738224029541,0.1408967524766922,0,0.9615798592567444,0.0716736540198326,0,0.3539188504219055,0.6460811495780945,0,0
147,73000,64.33,0.7324861288070679,0.291975200176239,0,0.9531603455543518,0.0702917277812957,0,0.3582867383956909,0.6417132616043091,0,0
148,73500,62.4,0.2273922711610794,0.745877206325531,1,0.3646517693996429,0.5679769515991211,1,0.3978076875209808,0.6021923422813416,0,0
149,74000,60.25,0.5074665546417236,0.4847986698150635,0,0.951545476913452,0.0701984316110611,0,0.4098322093486786,0.590167760848999,0,0
150,74500,58.58,0.6560008525848389,0.3669832646846771,0,0.9739311337471008,0.0501797720789909,0,0.3950729072093963,0.6049270629882812,0,0
151,75000,56.23,0.569941520690918,0.4381227195262909,0,0.9622791409492492,0.0656262189149856,0,0.3862324059009552,0.6137675642967224,0,0
152,75500,54.27,0.3268992006778717,0.6420903205871582,1,0.9694343209266664,0.0564642809331417,0,0.3559834063053131,0.6440166234970093,0,0
153,76000,54.05,0.685723602771759,0.3380601406097412,0,0.9729990363121032,0.0528221204876899,0,0.3456597030162811,0.6543403267860413,0,0
154,76500,53.1,0.9086884260177612,0.096414640545845,0,0.9803925156593324,0.0409649536013603,0,0.3385186791419983,0.6614812612533569,0,0
155,77000,52.48,0.9114845395088196,0.0929219424724578,0,0.9836856722831726,0.0353841111063957,0,0.3313431739807129,0.6686568260192871,0,0
156,77500,54.17,0.9106225967407228,0.094088889658451,0,0.98285573720932,0.0364475063979625,0,0.3264372050762176,0.6735628247261047,0,0
157,78000,55.77,0.8929503560066223,0.1158756092190742,0,0.9797760248184204,0.0433981716632843,0,0.3529381155967712,0.647061824798584,0,0
158,78500,56.83,0.8174533247947693,0.2017188668251037,0,0.9457534551620485,0.0917574241757392,0,0.3826810717582702,0.6173189282417297,0,0
159,79000,58.35,0.2458857297897339,0.7271965742111206,1,0.962754487991333,0.0657255873084068,0,0.3818381428718567,0.6181617975234985,0,0
160,79500,59.42,0.1026016473770141,0.8876795172691345,1,0.9624531865119934,0.0680214017629623,0,0.3751914501190185,0.6248085498809814,0,0
161,80000,59.82,0.0586467199027538,0.9415259957313538,1,0.114004909992218,0.8097732663154602,1,0.395069420337677,0.6049305200576782,0,0
162,80500,60.5,0.0568696595728397,0.9440597295761108,1,0.5859161019325256,0.3496081829071045,0,0.4034857153892517,0.5965142846107483,0,0
163,81000,61.22,0.0577132515609264,0.9428602457046508,1,0.1337990164756775,0.7929958701133728,1,0.3689630925655365,0.6310368776321411,0,0
164,81500,61.72,0.2311123758554458,0.7429148554801941,1,0.9487727284431458,0.0821577459573745,0,0.3958757221698761,0.6041243076324463,0,0
165,82000,61.88,0.3017515242099762,0.6689948439598083,1,0.9177192449569702,0.1295394450426101,0,0.3815370500087738,0.6184629797935486,0,0
166,82500,63.0,0.5096560716629028,0.4792110025882721,0,0.9346314668655396,0.1028283610939979,0,0.370498389005661,0.6295015811920166,0,0
167,83000,64.12,0.691455066204071,0.3314972817897796,0,0.82221519947052,0.2098687887191772,0,0.3563460409641266,0.643653929233551,0,0
168,83500,64.98,0.5139724612236023,0.4774500429630279,0,0.9379582405090332,0.0985194966197013,0,0.3698122203350067,0.6301878094673157,0,0
169,84000,65.05,0.2979383170604706,0.6727345585823059,1,0.94845712184906,0.0871552675962448,0,0.3492308259010315,0.6507691144943237,0,0
170,84500,66.45,0.2846933007240295,0.6863167881965637,1,0.958973467350006,0.078784741461277,0,0.3537359237670898,0.6462640166282654,0,0
171,85000,67.77,0.5223191976547241,0.4645485579967499,0,0.960981786251068,0.0770612657070159,0,0.3365551233291626,0.6634448766708374,0,0
172,85500,67.55,0.4985608756542206,0.4981207847595215,1,0.9695329070091248,0.0587072260677814,0,0.3332754671573639,0.6667245030403137,0,0
173,86000,68.03,0.5108022093772888,0.4790419936180115,0,0.9621431827545166,0.0714473649859428,0,0.3097596168518066,0.6902404427528381,0,0
174,86500,67.33,0.7533426880836487,0.2714568674564361,0,0.9634690284729004,0.0671638324856758,0,0.3113885223865509,0.6886114478111267,0,0
175,87000,67.85,0.7438511848449707,0.2807977497577667,0,0.9685579538345336,0.0599769204854965,0,0.321850061416626,0.678149938583374,0,0
176,87500,68.2,0.8951646089553833,0.1130180805921554,0,0.969153642654419,0.0574496015906333,0,0.3492729067802429,0.6507271528244019,0,0
177,88000,68.65,0.9069563746452332,0.0986620113253593,0,0.9720928072929382,0.0520320869982242,0,0.3575913608074188,0.6424086689949036,0,0
178,88500,68.45,0.8146212697029114,0.2059114426374435,0,0.9624626636505128,0.0696137771010398,0,0.3677213788032532,0.6322786808013916,0,0
179,89000,67.58,0.7582045197486877,0.2628756463527679,0,0.9418200254440308,0.1014255359768867,0,0.3650538623332977,0.6349461078643799,0,0
180,89500,67.58,0.4329699873924255,0.5421507358551025,1,0.9614625573158264,0.0711923986673355,0,0.3585022389888763,0.6414977312088013,0,0
181,90000,67.5,0.2888036966323852,0.6833308935165405,1,0.968469500541687,0.0592020601034164,0,0.3608039319515228,0.6391960978507996,0,0
182,90500,68.42,0.7593591213226318,0.264588326215744,0,0.9630687236785888,0.0688586831092834,0,0.3731923103332519,0.6268077492713928,0,0
183,91000,67.67,0.8710736036300659,0.1414367854595184,0,0.9681503176689148,0.0621749088168144,0,0.3892771601676941,0.6107228398323059,0,0
184,91500,67.92,0.7113292813301086,0.3144217431545257,0,0.9695245027542114,0.0604951493442058,0,0.3875932097434997,0.6124067306518555,0,0
185,92000,67.58,0.7724134922027588,0.2503428757190704,0,0.9801380038261414,0.0457169786095619,0,0.3927618563175201,0.6072381734848022,0,0
186,92500,66.62,0.901462197303772,0.105460837483406,0,0.9775552749633788,0.0467746518552303,0,0.4244165420532226,0.5755834579467773,0,0
187,93000,66.3,0.6477648019790649,0.3735043704509735,0,0.9758965969085692,0.0447137057781219,0,0.4508609175682068,0.5491390824317932,0,0
188,93500,65.6,0.7287017703056335,0.2796486914157867,0,0.9401567578315736,0.0819880738854408,0,0.4256776571273803,0.5743223428726196,0,0
189,94000,65.53,0.6559687256813049,0.3323231041431427,0,0.9639668464660645,0.0626729428768158,0,0.4021532535552978,0.5978467464447021,0,0
190,94500,64.85,0.2276466488838195,0.7465403079986572,1,0.9720906615257264,0.0558501929044723,0,0.4316778779029846,0.5683221220970154,0,0
191,95000,64.68,0.3305902183055877,0.6462856531143188,1,0.9653937816619872,0.064238853752613,0,0.4444661736488342,0.5555338859558105,0,0
192,95500,64.88,0.7953336238861084,0.2271239310503006,0,0.9711259007453918,0.0562278926372528,0,0.4144536256790161,0.5855463743209839,0,0
193,96000,64.95,0.9053533673286438,0.100615382194519,0,0.9575824737548828,0.0739487782120704,0,0.4011613726615906,0.5988386273384094,0,0
194,96500,65.83,0.9099839925765992,0.0948351547122001,0,0.9639670252799988,0.0669825673103332,0,0.3882656395435333,0.6117343306541443,0,0
195,97000,66.03,0.9104974865913392,0.0942075103521347,0,0.971544861793518,0.0543795004487037,0,0.3636791110038757,0.6363208889961243,0,0
196,97500,66.83,0.9082667231559752,0.0970246791839599,0,0.9766343235969543,0.0481053739786148,0,0.3631383180618286,0.6368616819381714,0,0
197,98000,67.83,0.90957510471344,0.0953857451677322,0,0.9821496605873108,0.0389883331954479,0,0.3538110852241516,0.6461888551712036,0,0
198,98500,69.03,0.9017761945724488,0.1050420254468917,0,0.977778136730194,0.0464775525033474,0,0.3487636148929596,0.651236355304718,0,0
199,99000,70.6,0.8981249928474426,0.1095205023884773,0,0.9663849472999572,0.0660932511091232,0,0.3347005844116211,0.6652994155883789,0,0
200,99500,71.33,0.9030474424362184,0.1035035997629165,0,0.9661031365394592,0.068250834941864,0,0.3217334151268005,0.6782665848731995,0,0
201,100000,72.3,0.7329058051109314,0.291539192199707,0,0.9684708714485168,0.0587435774505138,0,0.3176653385162353,0.6823346018791199,0,0
202,100500,72.22,0.6739702224731445,0.3498224020004272,0,0.9593595266342164,0.0692100152373313,0,0.3205305337905884,0.6794694662094116,0,0
203,101000,72.92,0.4900669753551483,0.4931936264038086,1,0.9660043716430664,0.0558588877320289,0,0.3376133739948272,0.6623866558074951,0,0
204,101500,74.2,0.2948417961597442,0.6764823794364929,1,0.9682735800743104,0.0542407780885696,0,0.345001757144928,0.654998242855072,0,0
205,102000,74.72,0.2559486031532287,0.7173309922218323,1,0.9604873061180116,0.0621645003557205,0,0.3510388135910034,0.6489611864089966,0,0
206,102500,75.17,0.3106883466243744,0.6596164703369141,1,0.969481885433197,0.0604122914373874,0,0.3620896935462951,0.6379102468490601,0,0
207,103000,75.08,0.7103577852249146,0.3149758875370025,0,0.965056300163269,0.0699492990970611,0,0.3489156365394592,0.6510843634605408,0,0
208,103500,74.52,0.7230822443962097,0.3020258545875549,0,0.9715304970741272,0.0602025799453258,0,0.3585044741630554,0.6414955258369446,0,0
209,104000,74.3,0.8191145658493042,0.1984142512083053,0,0.9733177423477172,0.0529015772044658,0,0.3583826720714569,0.6416173577308655,0,0
210,104500,74.6,0.8867937922477722,0.1228929683566093,0,0.9691832065582277,0.0513215512037277,0,0.3288735449314117,0.6711264252662659,0,0
211,105000,73.7,0.6769928932189941,0.3466871678829193,0,0.9711001515388488,0.0540901087224483,0,0.3252268731594085,0.674773097038269,0,0
212,105500,71.55,0.7043795585632324,0.3203388452529907,0,0.9601370692253112,0.0643325224518776,0,0.333967924118042,0.666032075881958,0,0
213,106000,69.6,0.6107903718948364,0.4070127606391907,0,0.9587793350219728,0.0688268318772316,0,0.3533975183963775,0.6466024518013,0,0
214,106500,67.8,0.5456819534301758,0.4545989036560058,0,0.9527733325958252,0.0776862651109695,0,0.3647097647190094,0.635290265083313,0,0
215,107000,66.6,0.8119438886642456,0.2074015140533447,0,0.9529430270195008,0.0817623287439346,0,0.3897829353809356,0.6102170944213867,0,0
216,107500,65.77,0.6769174337387085,0.3465407490730285,0,0.9770436882972716,0.052835077047348,0,0.4173033237457275,0.5826966166496277,0,0
217,108000,64.1,0.8322756886482239,0.1840067207813263,0,0.9625847935676576,0.0775500386953353,0,0.4644428491592407,0.5355571508407593,0,0
218,108500,63.08,0.9049093127250672,0.1012146100401878,0,0.9564155340194702,0.0785124823451042,0,0.45772784948349,0.5422722101211548,0,0
219,109000,62.85,0.8981988430023193,0.1093831434845924,0,0.9517092704772948,0.0852709785103797,0,0.44261634349823,0.5573837161064148,0,0
220,109500,63.45,0.9066936373710632,0.0989712253212928,0,0.9638968110084534,0.0674633234739303,0,0.4934993684291839,0.5065006613731384,0,0
221,110000,63.4,0.9078274369239808,0.0975568443536758,0,0.9153018593788148,0.1337195336818695,0,0.4495663344860077,0.5504336953163147,0,0
222,110500,63.25,0.875728964805603,0.1355305165052414,0,0.0193560980260372,0.9568882584571838,1,0.4745275676250458,0.5254724025726318,0,0
223,111000,63.25,0.8947182297706604,0.113577701151371,0,0.0922954827547073,0.8371291160583496,1,0.4684832990169525,0.5315166711807251,0,0
224,111500,63.25,0.8978174328804016,0.1098103523254394,0,0.94830322265625,0.0730245858430862,0,0.4798109829425812,0.5201889872550964,0,0
225,112000,63.32,0.88946133852005,0.1198009774088859,0,0.9559539556503296,0.0698365792632103,0,0.4484358727931976,0.55156409740448,0,0
226,112500,61.7,0.7359199523925781,0.2883390486240387,0,0.9722757935523988,0.0518266484141349,0,0.4723971784114837,0.5276028513908386,0,0
227,113000,61.72,0.7306389808654785,0.2936917841434479,0,0.9576903581619264,0.0701275467872619,0,0.385698527097702,0.6143015027046204,0,0
228,113500,61.75,0.651059627532959,0.3701250553131103,0,0.9486642479896544,0.0765082910656929,0,0.4039828777313232,0.5960171222686768,0,0
229,114000,62.65,0.055812481790781,0.9453652501106262,1,0.9191978573799132,0.1080490574240684,0,0.4306496381759643,0.5693503618240356,0,0
230,114500,63.4,0.2491241544485092,0.7234227657318115,1,0.9302784204483032,0.0955765470862388,0,0.4293439388275146,0.5706560611724854,0,0
231,115000,63.7,0.1983546018600464,0.7770978212356567,1,0.897098958492279,0.1388870775699615,0,0.4297699928283691,0.5702300071716309,0,0
232,115500,64.18,0.6175991296768188,0.3984665870666504,0,0.9721583724021912,0.0544398985803127,0,0.4122950434684753,0.5877049565315247,0,0
233,116000,65.3,0.6578347682952881,0.363901823759079,0,0.9688504934310912,0.0603223256766796,0,0.4093516767024994,0.5906482934951782,0,0
234,116500,67.45,0.753164529800415,0.2707470953464508,0,0.9603580236434937,0.0753498375415802,0,0.430788904428482,0.5692111253738403,0,0
235,117000,68.38,0.8983237147331238,0.1092620939016342,0,0.9653088450431824,0.0690638720989227,0,0.4393420219421386,0.5606579780578613,0,0
236,117500,68.6,0.8982741832733154,0.1092731654644012,0,0.9692544937133788,0.0626730844378471,0,0.4146094918251037,0.5853905081748962,0,0
237,118000,68.3,0.9082635641098022,0.0969840362668037,0,0.9678768515586852,0.0653616935014724,0,0.489652931690216,0.5103470683097839,0,0
238,118500,67.67,0.905784010887146,0.1001145020127296,0,0.9736874103546144,0.0501731038093566,0,0.4485951960086822,0.5514048337936401,0,0
239,119000,67.45,0.7611004710197449,0.2639540433883667,0,0.6513499617576599,0.3778404891490936,0,0.5196318030357361,0.4803682267665863,1,0
240,119500,66.72,0.6348161101341248,0.3839482367038727,0,0.9473061561584472,0.081191211938858,0,0.5097286701202393,0.4902713596820831,1,0
241,120000,65.77,0.0737968832254409,0.922795295715332,1,0.9739696979522704,0.0495330020785331,0,0.4847481846809387,0.5152518153190613,0,0
242,120500,64.88,0.0580448731780052,0.942130446434021,1,0.972557246685028,0.0551076531410217,0,0.4774144291877746,0.5225856304168701,0,0
243,121000,63.65,0.0760748088359832,0.9197794198989868,1,0.9633086323738098,0.0732098370790481,0,0.4704949557781219,0.5295050740242004,0,0
244,121500,63.32,0.5508460402488708,0.4546471834182739,0,0.946852207183838,0.0911759808659553,0,0.4065205156803131,0.5934794545173645,0,0
245,122000,63.55,0.8894810080528259,0.1196755617856979,0,0.9708831310272216,0.056244570761919,0,0.4197671413421631,0.5802327990531921,0,0
246,122500,63.48,0.90321284532547,0.1032817587256431,0,0.9676274061203004,0.05847979336977,0,0.4436050653457641,0.5563949942588806,0,0
247,123000,63.22,0.9109732508659364,0.0936021879315376,0,0.969411551952362,0.0543633177876472,0,0.486316442489624,0.5136834979057312,0,0
248,123500,63.73,0.9075684547424316,0.0978763252496719,0,0.9664889574050904,0.0584185682237148,0,0.4498926103115082,0.5501074194908142,0,0
249,124000,64.53,0.8210806846618652,0.1986194401979446,0,0.9618974924087524,0.0657297745347023,0,0.4052521884441376,0.59474778175354,0,0
250,124500,65.2,0.8750925064086914,0.136249303817749,0,0.9638946056365968,0.0663546174764633,0,0.3812903761863708,0.6187095642089844,0,0
251,125000,66.27,0.8594459891319275,0.1541262418031692,0,0.9599757790565492,0.0667319074273109,0,0.4216707944869995,0.5783291459083557,0,0
252,125500,66.33,0.8877747654914856,0.1217126920819282,0,0.971086323261261,0.0521102137863636,0,0.4426551461219787,0.557344913482666,0,0
253,126000,66.5,0.8923286199569702,0.1163836792111396,0,0.9721918702125548,0.0525651760399341,0,0.4575055837631225,0.5424943566322327,0,0
254,126500,66.62,0.7625195980072021,0.2625672519207001,0,0.9685168266296388,0.0526974610984325,0,0.4056274890899658,0.5943725109100342,0,0
255,127000,66.97,0.7822529077529907,0.2408835887908935,0,0.9729241132736206,0.0514185689389705,0,0.3918192684650421,0.6081807613372803,0,0
256,127500,66.53,0.6669014692306519,0.3549140691757202,0,0.9713956713676452,0.0502322651445865,0,0.381517618894577,0.6184824109077454,0,0
257,128000,66.35,0.280436247587204,0.6905098557472229,1,0.9711483120918274,0.0506435260176658,0,0.3867612183094024,0.6132387518882751,0,0
258,128500,66.42,0.3223909139633178,0.6451897025108337,1,0.963026523590088,0.0616159401834011,0,0.3734326958656311,0.6265673041343689,0,0
259,129000,66.33,0.4897515177726745,0.4948109984397888,1,0.9679630398750304,0.0572474040091037,0,0.3619053065776825,0.6380946636199951,0,0
260,129500,66.88,0.7876579165458679,0.2334104180335998,0,0.9746015667915344,0.048706766217947,0,0.3699388802051544,0.6300610899925232,0,0
261,130000,67.0,0.8514429926872253,0.162619411945343,0,0.9718399047851562,0.0501336641609668,0,0.3705167174339294,0.6294832825660706,0,0
262,130500,68.05,0.9074736833572388,0.0980186164379119,0,0.9772778153419496,0.0456430166959762,0,0.3599749505519867,0.6400250792503357,0,0
263,131000,68.75,0.9119062423706056,0.0924880132079124,0,0.9730671048164368,0.0493028499186039,0,0.3672530949115753,0.6327469348907471,0,0
264,131500,69.33,0.9071112871170044,0.0984570607542991,0,0.9734675288200378,0.0472640767693519,0,0.4127523303031921,0.5872476100921631,0,0
265,132000,68.7,0.9099512100219728,0.0948753580451011,0,0.9682356715202332,0.0562519170343875,0,0.3912088274955749,0.608791172504425,0,0
266,132500,68.17,0.908703863620758,0.0964929088950157,0,0.9696179628372192,0.0539349392056465,0,0.3955271244049072,0.6044728755950928,0,0
267,133000,68.03,0.9113781452178956,0.0931067541241645,0,0.965559184551239,0.0648754462599754,0,0.4266498982906341,0.5733500719070435,0,0
268,133500,67.97,0.90935617685318,0.0955989137291908,0,0.9745262861251832,0.0533974841237068,0,0.4450126588344574,0.5549873113632202,0,0
269,134000,67.53,0.908596396446228,0.0965873748064041,0,0.9681944251060486,0.0621729642152786,0,0.456040620803833,0.543959379196167,0,0
270,134500,67.4,0.9075043201446532,0.0979298502206802,0,0.9560526609420776,0.0841196924448013,0,0.4400271773338318,0.5599728226661682,0,0
271,135000,65.38,0.9073973298072816,0.0981122031807899,0,0.9513787627220154,0.0868247598409652,0,0.4720534384250641,0.5279465913772583,0,0
272,135500,65.65,0.7066412568092346,0.3178473114967346,0,0.9500688314437866,0.0867133885622024,0,0.5147625207901001,0.4852374494075775,1,0
273,136000,65.97,0.8207931518554688,0.1988595575094223,0,0.9582372307777404,0.0717865377664566,0,0.4909037947654724,0.5090962648391724,0,0
274,136500,66.57,0.8566461205482483,0.1575162708759308,0,0.9703570008277892,0.0583762750029563,0,0.4436497092247009,0.5563502907752991,0,0
275,137000,67.15,0.7453528046607971,0.2787072360515594,0,0.9732324481010436,0.0542880408465862,0,0.3974467813968658,0.6025532484054565,0,0
276,137500,67.12,0.2565678656101227,0.7161803245544434,1,0.94449120759964,0.0973660871386528,0,0.3802344501018524,0.61976557970047,0,0
277,138000,67.97,0.3101641833782196,0.6561294794082642,1,0.9010829329490662,0.1441878974437713,0,0.3557266891002655,0.6442733407020569,0,0
278,138500,67.25,0.0809687450528144,0.9140839576721193,1,0.0349199324846267,0.9293546676635742,1,0.3876462280750274,0.6123537421226501,0,0
279,139000,68.73,0.0552715472877025,0.9463574290275574,1,0.0464559271931648,0.894233226776123,1,0.3562586009502411,0.6437413692474365,0,0
280,139500,68.15,0.2267307043075561,0.7474854588508606,1,0.9266183972358704,0.0959374234080314,0,0.3570894300937652,0.6429105401039124,0,0
281,140000,68.15,0.6289516091346741,0.3900743424892425,0,0.9639040231704712,0.0662778168916702,0,0.3721210360527038,0.6278789639472961,0,0
282,140500,66.55,0.5294064283370972,0.4618976414203644,0,0.9597653150558472,0.0785954892635345,0,0.3614530861377716,0.638546884059906,0,0
283,141000,65.53,0.8883758783340454,0.1210575997829437,0,0.9657121896743774,0.0708238556981086,0,0.3668181896209717,0.6331818103790283,0,0
284,141500,65.45,0.9041223526000975,0.1021836698055267,0,0.9664456248283386,0.0640300884842872,0,0.3797374963760376,0.6202625036239624,0,0
285,142000,64.62,0.8890169262886047,0.1203447803854942,0,0.9701208472251892,0.0616012588143348,0,0.3857505023479461,0.6142495274543762,0,0
286,142500,64.65,0.8757772445678711,0.1353875398635864,0,0.9705821871757508,0.0584274195134639,0,0.3710232675075531,0.6289767026901245,0,0
287,143000,65.2,0.9024300575256348,0.1042075082659721,0,0.974940538406372,0.0491127036511898,0,0.3879892826080322,0.6120107173919678,0,0
288,143500,64.65,0.9008767008781432,0.1061583161354065,0,0.9712316989898682,0.0524501614272594,0,0.367809921503067,0.6321900486946106,0,0
289,144000,65.08,0.8884600400924683,0.1208398267626762,0,0.974387228488922,0.0479385219514369,0,0.3634829521179199,0.6365170478820801,0,0
290,144500,66.15,0.9088864326477052,0.0962561443448066,0,0.978727161884308,0.041021566838026,0,0.388076514005661,0.6119234561920166,0,0
291,145000,66.17,0.9089598059654236,0.096185564994812,0,0.96681010723114,0.0602093413472175,0,0.4095654189586639,0.5904346108436584,0,0
292,145500,65.77,0.9060004353523254,0.0998673364520073,0,0.9722283482551576,0.0521192774176597,0,0.4305192232131958,0.5694807767868042,0,0
293,146000,65.65,0.9079727530479432,0.0974151492118835,0,0.968244194984436,0.0591632053256034,0,0.4483395516872406,0.551660418510437,0,0
294,146500,65.95,0.8939152359962463,0.1145132407546043,0,0.9712091088294984,0.0523465387523174,0,0.4635483920574188,0.5364515781402588,0,0
295,147000,64.9,0.8979819416999817,0.1096281483769416,0,0.976960837841034,0.0439061895012855,0,0.5035939812660217,0.4964059591293335,1,0
296,147500,65.4,0.6303696632385254,0.3869661688804626,0,0.979727029800415,0.0423768050968647,0,0.5189927220344543,0.481007307767868,1,0
297,148000,64.25,0.8490522503852844,0.1665375232696533,0,0.9821281433105468,0.0408132299780845,0,0.5140872597694397,0.4859127402305603,1,0
298,148500,64.28,0.8983014225959778,0.1092504858970642,0,0.9817662835121156,0.0443138629198074,0,0.5089782476425171,0.4910217821598053,1,0
299,149000,64.12,0.7133850455284119,0.3131889104843139,0,0.9800133109092712,0.043961364775896,0,0.5061514973640442,0.4938484728336334,1,0
300,149500,63.35,0.8613021373748779,0.1522042751312255,0,0.96561998128891,0.0643626675009727,0,0.5035781860351562,0.4964218139648437,1,0
301,150000,63.75,0.8838966488838196,0.1262553036212921,0,0.968794882297516,0.053708266466856,0,0.4945003688335418,0.5054996609687805,0,0
302,150500,63.58,0.6041108965873718,0.4108763635158539,0,0.5250040292739868,0.4409503638744354,0,0.4837878942489624,0.5162121057510376,0,0
303,151000,63.73,0.6757479310035706,0.348084956407547,0,0.9523563385009766,0.072565734386444,0,0.5078318119049072,0.4921681582927704,1,0
304,151500,63.65,0.702103316783905,0.3226476907730102,0,0.9714533090591432,0.048788845539093,0,0.5334290862083435,0.4665708541870117,1,0
305,152000,64.38,0.84966641664505,0.165703997015953,0,0.9668635725975036,0.0576734691858291,0,0.5486423969268799,0.4513576030731201,1,0
306,152500,64.98,0.7301527261734009,0.2959917485713959,0,0.9774703979492188,0.0447170846164226,0,0.5470724105834961,0.4529276192188263,1,0
307,153000,65.42,0.2893267273902893,0.6823923587799072,1,0.9698403477668762,0.0520074553787708,0,0.5922362804412842,0.407763659954071,1,0
308,153500,66.8,0.3124134838581085,0.6584911346435547,1,0.9539595246315002,0.0781408250331878,0,0.5333995819091797,0.4666003584861755,1,0
309,154000,66.62,0.5995477437973022,0.415354311466217,0,0.9699819684028624,0.0590557008981704,0,0.6312417984008789,0.3687581419944763,1,0
310,154500,66.05,0.4781253635883331,0.5022668838500977,1,0.9714285731315612,0.0573494061827659,0,0.5812457203865051,0.4187543094158172,1,0
311,155000,65.92,0.2261163145303726,0.7478517889976501,1,0.9478416442871094,0.0924667567014694,0,0.5482065081596375,0.4517934322357178,1,0
312,155500,65.77,0.2968609929084778,0.6729407906532288,1,0.96872740983963,0.0612917952239513,0,0.5260500311851501,0.4739499688148498,1,0
313,156000,64.72,0.3344763517379761,0.6333003640174866,1,0.8016788363456726,0.2474913895130157,0,0.5008898973464966,0.4991101026535034,1,0
314,156500,63.4,0.541035532951355,0.4505255818367004,0,0.4107741415500641,0.5528236627578735,1,0.4871033430099487,0.5128966569900513,0,0
315,157000,61.72,0.6444089412689209,0.3779490888118744,0,0.0971087515354156,0.8475955128669739,1,0.4685172140598297,0.5314828157424927,0,0
316,157500,59.92,0.792809784412384,0.2293582707643509,0,0.4665443301200866,0.5129557847976685,1,0.443162739276886,0.5568372011184692,0,0
317,158000,58.13,0.7026873230934143,0.321884274482727,0,0.9509521126747132,0.0726049020886421,0,0.4193598926067352,0.5806400775909424,0,0
318,158500,56.33,0.6038047075271606,0.4123792946338653,0,0.6004898548126221,0.3495281934738159,0,0.3969572186470032,0.6030427813529968,0,0
319,159000,55.73,0.7420931458473206,0.2820087373256683,0,0.8317230939865112,0.1694798916578292,0,0.3712906837463379,0.6287093162536621,0,0
320,159500,55.8,0.8643288612365723,0.1482762694358825,0,0.0315871722996234,0.9308760166168212,1,0.3664441704750061,0.6335558295249939,0,0
321,160000,55.55,0.9113269448280334,0.0931726694107055,0,0.9572598934173584,0.0651057139039039,0,0.3832182884216308,0.6167817115783691,0,0
322,160500,55.6,0.9123127460479736,0.091933362185955,0,0.5956804752349854,0.3689610362052917,0,0.3831955790519714,0.6168044209480286,0,0
323,161000,56.73,0.9071835279464722,0.0983591377735138,0,0.0213088486343622,0.9497618079185486,1,0.3880879282951355,0.6119120717048645,0,0
324,161500,57.33,0.8452550768852234,0.1711079031229019,0,0.928897738456726,0.1054553017020225,0,0.37615567445755,0.6238443851470947,0,0
325,162000,57.2,0.7652881145477295,0.257274180650711,0,0.8235401511192322,0.2109453529119491,0,0.3951700031757355,0.6048300266265869,0,0
326,162500,57.27,0.6332902312278748,0.3871880769729614,0,0.9498222470283508,0.0836752131581306,0,0.4175551235675812,0.5824449062347412,0,0
327,163000,56.47,0.6925501227378845,0.3314844369888305,0,0.9547510743141174,0.0783217623829841,0,0.406438946723938,0.5935609936714172,0,0
328,163500,55.55,0.8999313116073608,0.107253298163414,0,0.9620471000671388,0.0666717812418937,0,0.4179850220680237,0.5820149779319763,0,0
329,164000,56.1,0.9051353335380554,0.1009078621864318,0,0.9602166414260864,0.0696519315242767,0,0.3807062804698944,0.6192936897277832,0,0
330,164500,56.23,0.9095693826675416,0.0954139828681945,0,0.972780466079712,0.0491939261555671,0,0.4012249112129211,0.5987750887870789,0,0
331,165000,56.53,0.7545125484466553,0.2681885361671448,0,0.9798313975334167,0.039773155003786,0,0.400738924741745,0.5992610454559326,0,0
332,165500,56.97,0.0554375797510147,0.946185290813446,1,0.9798769354820251,0.0382982492446899,0,0.4311120808124542,0.5688879489898682,0,0
333,166000,56.93,0.054975114762783,0.947391927242279,1,0.9814406633377076,0.0384806878864765,0,0.5035396814346313,0.4964602887630462,1,0
334,166500,56.97,0.0600246079266071,0.9400016069412231,1,0.979324996471405,0.0393201448023319,0,0.5674431324005127,0.4325568974018097,1,0
335,167000,58.23,0.0548904947936534,0.9470752477645874,1,0.0619587041437625,0.9021062850952148,1,0.4891825914382934,0.5108174085617065,0,0
336,167500,58.23,0.0777165964245796,0.9172426462173462,1,0.0424863956868648,0.9266998767852784,1,0.4551964402198791,0.5448035597801208,0,0
337,168000,56.05,0.3893586695194244,0.5793063044548035,1,0.9020118117332458,0.1485873311758041,0,0.4629390835762024,0.5370609164237976,0,0
338,168500,55.53,0.223983347415924,0.7511624097824097,1,0.6567844152450562,0.358151227235794,0,0.4407506585121155,0.5592493414878845,0,0
339,169000,55.7,0.0724113509058952,0.9242560267448424,1,0.4224953949451446,0.5712484121322632,1,0.4614047706127167,0.5385952591896057,0,0
340,169500,55.85,0.2875553965568542,0.6845760941505432,1,0.973507285118103,0.0500848330557346,0,0.4555417895317077,0.5444582104682922,0,0
341,170000,57.6,0.4812371134757995,0.4997089505195617,1,0.980486273765564,0.0384378507733345,0,0.3659956455230713,0.6340043544769287,0,0
342,170500,60.12,0.5217372179031372,0.4686301946640014,0,0.979827642440796,0.0395554937422275,0,0.3622148334980011,0.6377851366996765,0,0
343,171000,61.25,0.2314381152391433,0.7409616708755493,1,0.9711078405380248,0.054885383695364,0,0.3539709150791168,0.6460291147232056,0,0
344,171500,62.98,0.3778027296066284,0.5892109274864197,1,0.9495263695716858,0.0771471783518791,0,0.3370613157749176,0.66293865442276,0,0
345,172000,66.03,0.4316332638263702,0.543684720993042,1,0.9573458433151244,0.0735717937350273,0,0.3497220575809479,0.6502779722213745,0,0
346,172500,66.85,0.2994513809680938,0.6740171909332275,1,0.9681744575500488,0.0634877383708953,0,0.3643682301044464,0.635631799697876,0,0
347,173000,66.65,0.5568262934684753,0.4413861036300659,0,0.9727813601493835,0.055770143866539,0,0.3904768228530884,0.6095231771469116,0,0
348,173500,66.27,0.8965409398078918,0.1113767623901367,0,0.9729596376419068,0.0557759255170822,0,0.4155206680297851,0.5844793915748596,0,0
349,174000,66.07,0.881361722946167,0.1293868869543075,0,0.9732378125190736,0.0537849105894565,0,0.4490425288677215,0.550957441329956,0,0
350,174500,65.72,0.907499611377716,0.0979771986603736,0,0.9715384840965272,0.0564154610037803,0,0.47639200091362,0.5236080288887024,0,0
351,175000,65.0,0.9030805826187134,0.1034525707364082,0,0.979460597038269,0.0426959954202175,0,0.5032231211662292,0.4967768788337707,1,0
352,175500,64.85,0.9025105237960817,0.1041316464543342,0,0.9811776876449584,0.0379662364721298,0,0.5141913890838623,0.4858086109161377,1,0
353,176000,65.0,0.9062036275863647,0.0995472818613052,0,0.974312663078308,0.0466873161494731,0,0.5120564699172974,0.4879435300827026,1,0
354,176500,65.7,0.9095317721366882,0.0954300910234451,0,0.980627715587616,0.0405103601515293,0,0.4864965677261352,0.51350337266922,0,0
355,177000,66.53,0.9098299145698548,0.0950534865260124,0,0.9820250272750854,0.0377934388816356,0,0.4709246158599853,0.5290753841400146,0,0
356,177500,67.53,0.9071393609046936,0.0984221324324607,0,0.9819133877754213,0.0398419871926307,0,0.4403795301914215,0.5596204996109009,0,0
357,178000,67.62,0.9083724617958068,0.0968704894185066,0,0.9833214282989502,0.0364657528698444,0,0.4550583958625793,0.5449416041374207,0,0
358,178500,67.8,0.910182237625122,0.0945920869708061,0,0.9801754355430604,0.0418055579066276,0,0.4556022584438324,0.54439777135849,0,0
359,179000,67.07,0.7086483836174011,0.316971093416214,0,0.985374927520752,0.0331525690853595,0,0.4152149260044098,0.5847851037979126,0,0
360,179500,65.65,0.8774663209915161,0.1341920644044876,0,0.981682538986206,0.0405421108007431,0,0.3755494952201843,0.6244505047798157,0,0
361,180000,65.6,0.9015985131263732,0.1052711680531501,0,0.980525553226471,0.0422117821872234,0,0.3652197420597076,0.63478022813797,0,0
362,180500,65.72,0.9063913822174072,0.0993377938866615,0,0.978444278240204,0.0435170717537403,0,0.360241562128067,0.6397584080696106,0,0
363,181000,64.98,0.9066717624664308,0.0989843904972076,0,0.9721884727478028,0.0492188856005668,0,0.352473646402359,0.6475263237953186,0,0
364,181500,64.3,0.900354266166687,0.1067733466625213,0,0.9709304571151732,0.0520516075193882,0,0.3738852739334106,0.6261147856712341,0,0
365,182000,65.03,0.6281895041465759,0.3816882967948913,0,0.967429220676422,0.058139469474554,0,0.3447282910346985,0.6552717685699463,0,0
366,182500,64.92,0.3633276522159576,0.6039342880249023,1,0.9502615928649902,0.0816835165023803,0,0.3290572166442871,0.6709427833557129,0,0
367,183000,65.92,0.6511366963386536,0.3700880408287048,0,0.9544212818145752,0.0758221298456192,0,0.3278162479400635,0.6721836924552917,0,0
368,183500,66.97,0.903010368347168,0.1035124734044075,0,0.971347987651825,0.0623358115553855,0,0.3544469177722931,0.6455530524253845,0,0
369,184000,66.92,0.9106463193893432,0.0939924120903015,0,0.9702267050743104,0.0628761649131774,0,0.373149573802948,0.626850426197052,0,0
370,184500,66.45,0.9068251848220824,0.0987988486886024,0,0.967577338218689,0.0638308823108673,0,0.359257698059082,0.6407422423362732,0,0
371,185000,66.9,0.9035659432411194,0.1028413325548172,0,0.9647266864776612,0.0659298077225685,0,0.3454798460006714,0.6545201539993286,0,0
372,185500,67.03,0.9027613401412964,0.1038505584001541,0,0.9617788195610046,0.0717921257019043,0,0.3344641029834747,0.6655359268188477,0,0
373,186000,66.72,0.5015607476234436,0.4880507290363312,0,0.9581860303878784,0.0769881755113601,0,0.3364364504814148,0.6635635495185852,0,0
374,186500,67.05,0.7106269598007202,0.3147383332252502,0,0.9536870121955872,0.0778351873159408,0,0.3439052700996399,0.6560947299003601,0,0
375,187000,67.8,0.7284020185470581,0.2977887392044067,0,0.947412133216858,0.0869935452938079,0,0.3419329226016998,0.6580671072006226,0,0
376,187500,68.17,0.7149328589439392,0.3109064400196075,0,0.9507890939712524,0.0875574424862861,0,0.3482652306556701,0.6517347097396851,0,0
377,188000,68.25,0.7050490975379944,0.3197681009769439,0,0.9646076560020448,0.0671104043722152,0,0.3528497219085693,0.6471502780914307,0,0
378,188500,68.53,0.7062710523605347,0.3186962902545929,0,0.9561956524848938,0.0791578441858291,0,0.3714666366577148,0.6285333037376404,0,0
379,189000,68.35,0.6867198348045349,0.3366308510303497,0,0.9534339308738708,0.0808436647057533,0,0.3546268939971924,0.6453730463981628,0,0
380,189500,68.2,0.755411684513092,0.268731951713562,0,0.9449348449707032,0.0836306363344192,0,0.3712750971317291,0.6287248730659485,0,0
381,190000,68.17,0.8365061283111572,0.180389329791069,0,0.8444384932518005,0.176482155919075,0,0.4218959510326385,0.5781040787696838,0,0
382,190500,67.67,0.8746250867843628,0.1367343068122863,0,0.9242653250694276,0.1001451388001442,0,0.4425317347049713,0.5574682950973511,0,0
383,191000,66.72,0.9034117460250854,0.1030350252985954,0,0.965875208377838,0.0601705871522426,0,0.4765253961086273,0.5234746336936951,0,0
384,191500,66.2,0.897450864315033,0.1102853864431381,0,0.9710339903831482,0.0529152005910873,0,0.4888269305229187,0.5111730694770813,0,0
385,192000,66.12,0.9026407599449158,0.1040062233805656,0,0.9772483706474304,0.0442168749868869,0,0.4922956824302673,0.5077043175697327,0,0
386,192500,65.95,0.9077204465866088,0.0976902171969413,0,0.9821427464485168,0.0371854528784751,0,0.5044831037521362,0.4955168962478637,1,0
387,193000,66.25,0.905289113521576,0.1007037013769149,0,0.9709337949752808,0.0531377159059047,0,0.5256584286689758,0.4743415713310241,1,0
388,193500,66.57,0.9048194289207458,0.101265825331211,0,0.9798606038093568,0.0378268919885158,0,0.5408934354782104,0.4591065347194671,1,0
389,194000,66.7,0.907150149345398,0.0983972772955894,0,0.978184700012207,0.0449653379619121,0,0.5252582430839539,0.4747417867183685,1,0
390,194500,67.38,0.8807564377784729,0.1305634081363678,0,0.9777430295944214,0.04557915776968,0,0.5175549387931824,0.4824450314044952,1,0
391,195000,67.4,0.8852927088737488,0.1249811649322509,0,0.972689688205719,0.0474236123263835,0,0.4774583876132965,0.5225415825843811,0,0
392,195500,67.75,0.6585230827331543,0.3619837760925293,0,0.8495620489120483,0.1911666393280029,0,0.5127807259559631,0.4872192144393921,1,0
393,196000,67.88,0.6004929542541504,0.409302681684494,0,0.0314050279557704,0.937025785446167,1,0.4850597381591797,0.5149402022361755,0,0
394,196500,67.73,0.8564075827598572,0.1570618599653244,0,0.9681366682052612,0.056215763092041,0,0.4669119417667389,0.5330880284309387,0,0
395,197000,67.12,0.8814635276794434,0.1289932429790496,0,0.968740940093994,0.0546838454902172,0,0.4694823920726776,0.530517578125,0,0
396,197500,66.75,0.9065636992454528,0.0991157889366149,0,0.9745981693267822,0.0549520328640937,0,0.4965367913246155,0.5034632682800293,0,0
397,198000,66.67,0.905686616897583,0.1002115532755851,0,0.9710499048233032,0.0620835050940513,0,0.4727044701576233,0.5272954702377319,0,0
398,198500,65.45,0.9041051864624025,0.1022215113043785,0,0.9749534726142884,0.0526832565665245,0,0.4671491980552673,0.5328508615493774,0,0
399,199000,65.6,0.7831652164459229,0.2401362359523773,0,0.9724978804588318,0.0529647879302501,0,0.4768310189247131,0.5231689810752869,0,0
400,199500,65.67,0.4885141253471374,0.4945172071456909,1,0.9508256316184998,0.0740666836500167,0,0.5046552419662476,0.49534472823143,1,0
401,200000,65.05,0.5332258939743042,0.4575348496437073,0,0.9467790126800536,0.0788832381367683,0,0.4870499968528747,0.5129500031471252,0,0
402,200500,65.8,0.7150929570198059,0.3096373677253723,0,0.9639219641685486,0.0646510794758796,0,0.4478008449077606,0.552199125289917,0,0
403,201000,66.03,0.8218715786933899,0.1951042860746383,0,0.9544020295143129,0.0722772181034088,0,0.3944307565689087,0.6055692434310913,0,0
404,201500,65.85,0.894824743270874,0.1134172603487968,0,0.9540424346923828,0.0763647407293319,0,0.3860680758953094,0.6139318943023682,0,0
405,202000,65.62,0.8923794031143188,0.1163594499230384,0,0.961252987384796,0.062932401895523,0,0.3635728657245636,0.6364271640777588,0,0
406,202500,66.85,0.79889315366745,0.2232683897018432,0,0.963906228542328,0.0633603855967521,0,0.3578927218914032,0.6421073079109192,0,0
407,203000,66.75,0.7314601540565491,0.2928967475891113,0,0.9562768936157228,0.0753871873021125,0,0.3695972859859466,0.630402684211731,0,0
408,203500,66.65,0.7028521299362183,0.3214574754238128,0,0.9399608373641968,0.0944105759263038,0,0.3856027722358703,0.6143972873687744,0,0
409,204000,66.9,0.616152822971344,0.4011416435241699,0,0.9600169658660888,0.0725226029753685,0,0.4227557182312011,0.577244222164154,0,0
410,204500,66.03,0.89699387550354,0.1108677610754966,0,0.958769917488098,0.0733217820525169,0,0.4046685695648193,0.5953314304351807,0,0
411,205000,65.95,0.9072356820106506,0.0983069762587547,0,0.9534459114074708,0.079333908855915,0,0.436852753162384,0.563147246837616,0,0
412,205500,66.15,0.8699843287467957,0.1420731544494629,0,0.9562972784042358,0.0767214223742485,0,0.4185492396354675,0.5814508199691772,0,0
413,206000,66.33,0.9001566767692566,0.1070227324962616,0,0.960197389125824,0.0686969608068466,0,0.4356540143489837,0.5643459558486938,0,0
414,206500,66.07,0.9041719436645508,0.1021148636937141,0,0.9684499502182008,0.0570672303438186,0,0.4535036385059356,0.5464963912963867,0,0
415,207000,66.5,0.9062851667404176,0.099469855427742,0,0.6306418776512146,0.4357715845108032,0,0.4411710202693939,0.5588289499282837,0,0
416,207500,66.57,0.9011026620864868,0.1058412492275238,0,0.9373985528945924,0.1184660419821739,0,0.4632657766342163,0.5367342233657837,0,0
417,208000,67.3,0.9045185446739196,0.1016717478632927,0,0.0573368072509765,0.9124014377593994,1,0.4475582540035248,0.5524417161941528,0,0
418,208500,67.67,0.7733113169670105,0.2507206201553345,0,0.9648247361183168,0.0681401640176773,0,0.4820162653923034,0.5179837346076965,0,0
419,209000,67.38,0.7215234041213989,0.3032981157302856,0,0.9166786670684814,0.1278195828199386,0,0.423648864030838,0.5763511061668396,0,0
420,209500,67.55,0.8834100365638733,0.1269083470106125,0,0.961458384990692,0.0708063542842865,0,0.3994828462600708,0.600517213344574,0,0
421,210000,67.7,0.8932878375053406,0.1152872815728187,0,0.9551182985305786,0.0770134925842285,0,0.4026577472686767,0.597342312335968,0,0
422,210500,67.65,0.8989042043685913,0.1085286363959312,0,0.9303500056266784,0.0947069302201271,0,0.4333334863185882,0.5666664838790894,0,0
423,211000,67.47,0.905316174030304,0.100667305290699,0,0.9418411254882812,0.0942920297384262,0,0.4418025314807892,0.5581974387168884,0,0
424,211500,67.5,0.9080125093460084,0.0973417982459068,0,0.9574238657951356,0.072524219751358,0,0.3893294930458069,0.6106704473495483,0,0
425,212000,66.85,0.7785050868988037,0.2438900172710418,0,0.9541019201278688,0.0835953801870346,0,0.4020681381225586,0.5979318618774414,0,0
426,212500,66.97,0.7122148275375366,0.3103783130645752,0,0.9483655095100404,0.0856346860527992,0,0.422410100698471,0.5775898694992065,0,0
427,213000,67.62,0.0871152207255363,0.9065279364585876,1,0.4001915752887726,0.5836743712425232,1,0.4183609783649444,0.5816389918327332,0,0
428,213500,68.08,0.0587587766349315,0.9411470293998718,1,0.9488380551338196,0.0780696868896484,0,0.3771569430828094,0.6228430867195129,0,0
429,214000,68.5,0.2159327417612075,0.758030891418457,1,0.9614190459251404,0.0627073273062706,0,0.3416557908058166,0.6583442687988281,0,0
430,214500,68.75,0.8636547923088074,0.1493630558252334,0,0.9535483717918396,0.0783975049853324,0,0.3452193140983581,0.6547806859016418,0,0
431,215000,68.17,0.8528609275817871,0.1627954095602035,0,0.968743860721588,0.0594541057944297,0,0.3354268372058868,0.6645731925964355,0,0
432,215500,68.08,0.8240702152252197,0.1950261443853378,0,0.9005531072616577,0.1521737575531005,0,0.3492119014263153,0.6507881283760071,0,0
433,216000,68.42,0.9037508368492126,0.1026213839650154,0,0.9665401577949524,0.0643588155508041,0,0.3500371873378753,0.6499627828598022,0,0
434,216500,68.05,0.9049615263938904,0.1011177003383636,0,0.9721747040748596,0.0548770762979984,0,0.361350953578949,0.638649046421051,0,0
435,217000,67.75,0.8858782649040222,0.1238547638058662,0,0.959770143032074,0.0733333900570869,0,0.4087307751178741,0.5912692546844482,0,0
436,217500,67.65,0.8994003534317017,0.1079048216342926,0,0.9633836150169371,0.0668862089514732,0,0.4007471203804016,0.5992528796195984,0,0
437,218000,66.72,0.9115850329399108,0.0928669348359108,0,0.9751870632171632,0.0538775771856308,0,0.3687686622142792,0.6312313079833984,0,0
438,218500,66.67,0.9082279801368712,0.0970388427376747,0,0.9659584164619446,0.0734146758913993,0,0.3812786936759949,0.6187213063240051,0,0
439,219000,66.97,0.909674108028412,0.0952331498265266,0,0.9766460061073304,0.05470697209239,0,0.3766472637653351,0.6233527660369873,0,0
440,219500,66.57,0.9059617519378662,0.0998769402503967,0,0.967954695224762,0.0672712847590446,0,0.4049005508422851,0.5950995087623596,0,0
441,220000,66.45,0.7960484623908997,0.2261366993188858,0,0.9702022075653076,0.0591939315199852,0,0.4171668887138366,0.5828331112861633,0,0
442,220500,66.88,0.8129146695137024,0.206718161702156,0,0.95937979221344,0.0729679614305496,0,0.4353139400482178,0.5646860599517822,0,0
443,221000,67.17,0.3335760533809662,0.6369951367378235,1,0.941962957382202,0.0984150618314743,0,0.4421900510787964,0.5578099489212036,0,0
444,221500,66.88,0.6115310788154602,0.4050634503364563,0,0.9442510008811952,0.0943420156836509,0,0.4634661972522735,0.5365338325500488,0,0
445,222000,67.62,0.8974509835243225,0.1103090643882751,0,0.9681442975997924,0.0642036572098732,0,0.4329671263694763,0.5670328736305237,0,0
446,222500,67.05,0.8765659332275391,0.1349844634532928,0,0.964870810508728,0.0716388672590255,0,0.4443710446357727,0.5556289553642273,0,0
447,223000,66.97,0.9075754284858704,0.0978643894195556,0,0.9606782793998718,0.0789694339036941,0,0.4302928447723388,0.5697070956230164,0,0
448,223500,67.85,0.8941682577133179,0.1142357364296913,0,0.9601389169692992,0.0799638330936431,0,0.4066075086593628,0.5933924913406372,0,0
449,224000,68.15,0.8805386424064636,0.130472645163536,0,0.9614556431770324,0.0737431347370147,0,0.3946614861488342,0.6053385138511658,0,0
450,224500,68.0,0.8845733404159546,0.1255333423614502,0,0.9640688300132751,0.0624604634940624,0,0.3884815275669098,0.6115185022354126,0,0
451,225000,67.85,0.8941022753715515,0.1143374666571617,0,0.9501966834068298,0.08558289706707,0,0.4347274303436279,0.5652725696563721,0,0
452,225500,68.12,0.7721969485282898,0.2491790354251861,0,0.9499807953834534,0.0843944624066352,0,0.469935655593872,0.5300644040107727,0,0
453,226000,67.92,0.902576744556427,0.1040559858083725,0,0.974843442440033,0.0488614775240421,0,0.4882631599903106,0.5117368698120117,0,0
454,226500,68.12,0.7663271427154541,0.2524354457855224,0,0.9717004299163818,0.0466208904981613,0,0.4727392196655273,0.5272607803344727,0,0
455,227000,67.7,0.7083579897880554,0.3159402906894684,0,0.9637374877929688,0.0580283179879188,0,0.494853138923645,0.505146861076355,0,0
456,227500,67.17,0.7552371621131897,0.2678488194942474,0,0.97497296333313,0.0439089089632034,0,0.5023800730705261,0.4976199269294739,1,0
457,228000,67.33,0.9046179056167604,0.1015497669577598,0,0.9762134552001952,0.0439206026494503,0,0.517235517501831,0.4827644824981689,1,0
458,228500,67.07,0.9063937664031982,0.099307395517826,0,0.981054186820984,0.040819838643074,0,0.5142772793769836,0.4857227206230163,1,0
459,229000,66.9,0.9058064222335817,0.100042425096035,0,0.976279318332672,0.0481101237237453,0,0.4946335852146148,0.5053664445877075,0,0
460,229500,66.85,0.90285325050354,0.1037153527140617,0,0.974698841571808,0.0505802743136882,0,0.4806687235832214,0.5193312764167786,0,0
461,230000,67.03,0.9026944637298584,0.1039365753531456,0,0.9699039459228516,0.0556002184748649,0,0.4694860577583313,0.5305139422416687,0,0
462,230500,67.55,0.8542484045028687,0.1604537963867187,0,0.9745755195617676,0.0520355552434921,0,0.4628221690654754,0.5371778011322021,0,0
463,231000,67.88,0.7063978314399719,0.3182864785194397,0,0.9828223586082458,0.039857629686594,0,0.4549798667430877,0.5450201630592346,0,0
464,231500,68.5,0.902134656906128,0.1045830994844436,0,0.9836371541023254,0.0399094857275486,0,0.4449139237403869,0.555086076259613,0,0
465,232000,68.45,0.9018505811691284,0.1049624159932136,0,0.9842795133590698,0.0361514389514923,0,0.4164529144763946,0.583547055721283,0,0
466,232500,69.27,0.9065712690353394,0.0991066992282867,0,0.9686050415039062,0.0654602646827697,0,0.4253717362880707,0.5746282935142517,0,0
467,233000,69.83,0.9047827124595642,0.1013493835926055,0,0.9695632457733154,0.0586122721433639,0,0.4280732870101928,0.5719267129898071,0,0
468,233500,70.0,0.9047045707702636,0.101446159183979,0,0.9685672521591188,0.060123786330223,0,0.3932300806045532,0.606769859790802,0,0
469,234000,69.15,0.8939279913902283,0.1144888326525688,0,0.9661070704460144,0.0615205019712448,0,0.3889488875865936,0.611051082611084,0,0
470,234500,68.83,0.6955662369728088,0.327426016330719,0,0.9731494784355164,0.0548263639211654,0,0.422992467880249,0.577007532119751,0,0
471,235000,68.8,0.5677675604820251,0.4352096319198608,0,0.9694955945014954,0.0619444884359836,0,0.4085495769977569,0.5914503931999207,0,0
472,235500,67.65,0.6357234716415405,0.384916752576828,0,0.9774901270866394,0.0476995483040809,0,0.377337247133255,0.6226627230644226,0,0
473,236000,67.65,0.7118605971336365,0.3134090304374695,0,0.9731923937797546,0.0477015599608421,0,0.3534564971923828,0.6465434432029724,0,0
474,236500,67.53,0.8383005857467651,0.1780483424663543,0,0.972987413406372,0.048664316534996,0,0.3464522063732147,0.6535477638244629,0,0
475,237000,66.88,0.8969172835350037,0.1109261363744735,0,0.9762875437736512,0.0454067438840866,0,0.3347133100032806,0.6652867197990417,0,0
476,237500,65.88,0.9073199033737184,0.0982276275753974,0,0.968485414981842,0.0581872425973415,0,0.3489665985107422,0.6510334014892578,0,0
477,238000,65.42,0.7695097327232361,0.2549775540828705,0,0.9700074791908264,0.0566325262188911,0,0.337578535079956,0.6624215245246887,0,0
478,238500,64.88,0.7087942361831665,0.3167876303195953,0,0.9587939381599426,0.0715772435069084,0,0.3545044362545013,0.6454955339431763,0,0
479,239000,64.7,0.910390853881836,0.094357430934906,0,0.9571269750595092,0.0723823904991149,0,0.3767946362495422,0.623205304145813,0,0
480,239500,64.95,0.909953236579895,0.0948956310749054,0,0.9473038911819458,0.0888600572943687,0,0.4208142161369324,0.5791857838630676,0,0
481,240000,64.48,0.9122951626777648,0.0919393897056579,0,0.9495561718940736,0.0818636417388916,0,0.4303168356418609,0.5696831345558167,0,0
482,240500,63.85,0.912674367427826,0.0914927423000335,0,0.9701440930366516,0.0561877116560936,0,0.4393178820610046,0.5606821179389954,0,0
483,241000,64.28,0.910286009311676,0.0945203155279159,0,0.977403461933136,0.0444673486053943,0,0.4759528934955597,0.5240471363067627,0,0
484,241500,65.65,0.9116477370262146,0.0927417874336242,0,0.9727557897567748,0.0510670654475688,0,0.4894567430019378,0.5105432868003845,0,0
485,242000,67.0,0.909041464328766,0.0960052236914634,0,0.1047189757227897,0.8489059209823608,1,0.4778609573841095,0.5221390724182129,0,0
486,242500,67.88,0.90569406747818,0.100149892270565,0,0.9701350331306458,0.0572201162576675,0,0.4699128270149231,0.5300871729850769,0,0
487,243000,68.45,0.9094527959823608,0.0955466628074646,0,0.9847187399864196,0.0337248668074607,0,0.4654158651828766,0.5345841646194458,0,0
488,243500,68.83,0.9091454744338988,0.09591606259346,0,0.9842750430107116,0.0374096743762493,0,0.4458054900169372,0.5541945099830627,0,0
489,244000,69.27,0.9105584621429444,0.0941209644079208,0,0.9839637875556946,0.0379539281129837,0,0.4207653105258941,0.5792347192764282,0,0
490,244500,69.0,0.911354124546051,0.0931106135249137,0,0.9789761900901794,0.0436197742819786,0,0.4005335867404938,0.5994663834571838,0,0
491,245000,68.7,0.9129225611686708,0.0911434218287468,0,0.9809389114379884,0.0416351072490215,0,0.3823849558830261,0.6176150441169739,0,0
492,245500,68.7,0.9123140573501588,0.091909609735012,0,0.982721745967865,0.0401755534112453,0,0.3958030641078949,0.6041969060897827,0,0
493,246000,68.65,0.9023659825325012,0.1042973548173904,0,0.978529691696167,0.0525376088917255,0,0.399623304605484,0.6003766655921936,0,0
